{
  "project_info": {
    "project_number": "136436826992",
    "project_id": "resutoran-app",
    "storage_bucket": "resutoran-app.appspot.com"
  },
  "client": [
    {
      "client_info": {
        "mobilesdk_app_id": "1:136436826992:android:8b960aa929e86108a205b5",
        "android_client_info": {
          "package_name": "com.robby.resutoran_app"
        }
      },
      "oauth_client": [
        {
          "client_id": "136436826992-s895n5cg7tvibg4j8otldfq3rn203aem.apps.googleusercontent.com",
          "client_type": 3
        }
      ],
      "api_key": [
        {
          "current_key": "AIzaSyDmq5lpOc_jiw9XQAFukGC7pLwM-emHQ1k"
        }
      ],
      "services": {
        "appinvite_service": {
          "other_platform_oauth_client": [
            {
              "client_id": "136436826992-s895n5cg7tvibg4j8otldfq3rn203aem.apps.googleusercontent.com",
              "client_type": 3
            }
          ]
        }
      }
    }
  ],
  "configuration_version": "1"
}